Taxonomy	mock.1
k__Bacteria; p__Proteobacteria; c__Gammaproteobacteria; o__Pseudomonadales; f__Pseudomonadaceae; g__Pseudomonas; s__	0.0370370370
k__Bacteria; p__Proteobacteria; c__Deltaproteobacteria; o__Desulfovibrionales; f__Desulfovibrionaceae; g__Desulfovibrio; s__vulgaris	0.0370370370
k__Bacteria; p__Chloroflexi; c__Anaerolineae; o__Anaerolineales; f__Anaerolinaceae; g__Anaerolinea; s__thermophila	0.0370370370
k__Bacteria; p__Proteobacteria; c__Alphaproteobacteria; o__Rhizobiales; f__Bradyrhizobiaceae; g__Nitrobacter; s__	0.0370370370
k__Bacteria; p__Firmicutes; c__Clostridia; o__Clostridiales; f__Peptococcaceae; g__; s__	0.0370370370
k__Bacteria; p__Firmicutes; c__Bacilli; o__Bacillales; f__Bacillaceae; g__Bacillus; s__subtilis	0.0370370370
k__Bacteria; p__[Thermi]; c__Deinococci; o__Deinococcales; f__Deinococcaceae; g__Deinococcus; s__	0.0370370370
k__Bacteria; p__Chloroflexi; c__Chloroflexi; o__Chloroflexales; f__Chloroflexaceae; g__Chloroflexus; s__	0.0370370370
k__Bacteria; p__Actinobacteria; c__Actinobacteria; o__Actinomycetales; f__Propionibacteriaceae; g__Microlunatus; s__	0.0370370370
k__Bacteria; p__Gemmatimonadetes; c__Gemmatimonadetes; o__Gemmatimonadales; f__Gemmatimonadaceae; g__Gemmatimonas; s__	0.0740740740
k__Bacteria; p__Proteobacteria; c__Betaproteobacteria; o__Nitrosomonadales; f__Nitrosomonadaceae; g__Nitrosomonas; s__	0.0370370370
k__Bacteria; p__Bacteroidetes; c__Bacteroidia; o__Bacteroidales; f__Bacteroidaceae; g__Bacteroides; s__	0.0740740740
k__Bacteria; p__Proteobacteria; c__Gammaproteobacteria; o__Enterobacteriales; f__Enterobacteriaceae; g__Escherichia; s__coli	0.3333333333
k__Bacteria; p__Spirochaetes; c__Spirochaetes; o__Spirochaetales; f__Spirochaetaceae; g__Treponema; s__	0.0740740740
k__Bacteria; p__Firmicutes; c__Clostridia; o__Clostridiales; f__Clostridiaceae; g__Clostridium; s__acetobutylicum	0.0740740740
